{"cameraMode":{"drawMode":0,"name":"Shaded","section":"Shading Mode"},"sceneLighting":false,"audioPlay":false,"sceneViewState":{"showFog":true,"showMaterialUpdate":false,"showSkybox":true,"showFlares":true,"showImageEffects":true,"showParticleSystems":true},"in2DMode":false,"pivot":{"x":19.410478591918947,"y":-1.5,"z":13.254708290100098},"rotation":{"x":-0.009428512305021286,"y":0.9720371961593628,"z":-0.039696041494607928,"w":-0.2313956767320633},"size":15.713582992553711,"orthographic":false}